{
  "MSE": 36.44049835205078,
  "MAE": 3.738250732421875,
  "Nu_MSE": 72.88098907470703,
  "f_MSE": 2.8191074363803637e-08,
  "Nu_MAE": 7.4763641357421875,
  "f_MAE": 0.00013738138659391552
}