{
  "Nu_MSE": 7.8564887046813965,
  "f_MSE": 8.861186451269987e-09,
  "Nu_MAE": 2.2560153007507324,
  "f_MAE": 7.25655336282216e-05
}