{
  "Nu_predicted": -0.21755504608154297,
  "f_predicted": -0.2550816535949707,
  "target_parameter": 0
}